"","logX","X","Y","speed","shoot","height","age","teamwork","Z"
"1",2.11406052464789,8.28180156171934,0,9.41676665037753,9.13184503361328,7.39565197635702,6.47631800604594,9.02091648167065,18.8158220018982
"2",3.25971087975415,26.0420067825776,0,27.1539386276145,25.1166937874783,24.1197518863071,25.3639661009628,26.4286155106438,52.9414936363047
"3",1.8182426832227,6.16102206375274,0,5.2902444301474,7.05460327819395,7.78072280781607,5.68766401254485,7.45741923602365,13.0061842813284
"4",5.2560677461767,191.72609140261,1,191.936822987683,190.785081664798,192.245361307275,192.753508481255,190.922533045102,381.71087484614
"5",3.46599435980862,32.0082716931771,1,32.0776673405516,32.5472237872787,31.9524217613431,31.4108841244231,30.4056460245907,63.0305927417027
"6",1.83968248368196,6.29453932474589,0,4.63189047190396,6.11256492664055,6.9909569348644,7.45438870202666,7.22779029529819,11.892590161481
"7",3.68932877663903,40.0179769394232,0,40.8288169196004,40.9097445343883,40.0714926182524,38.6847500589235,41.8240661933319,83.214550405674
"8",4.04414881142886,57.0625943285942,0,55.1502485325471,58.3918025338291,55.7523108314011,56.1368386668887,57.0060906960295,114.225304210126
"9",3.81427779646988,45.3439969602114,1,44.0972435314164,45.2405308350049,43.2209309021134,44.2695018349024,47.2299082791086,91.3934728563345
"10",2.56811560109224,13.0412263991694,0,14.0393808442267,13.6562910098917,12.8331478101618,11.5901099038703,14.6196098275935,28.2608336011676
"11",5.13798143176343,170.371514460754,0,169.83064171624,168.571742065418,170.058727881234,169.782782296894,170.873799085069,340.104604995524
"12",3.55132159213247,34.8593569100669,0,34.6429811192867,34.5966517684239,33.8011212003857,34.7439726231898,35.2892711226225,71.9614317189063
"13",2.12143314550125,8.34308577967383,0,6.72114848683185,7.13294390279541,8.76030937524029,7.62271491084866,7.07744025078904,13.2359288451247
"14",-0.132058617032584,0.876289628076215,0,-0.574674337323146,1.08076688062709,0.560838093860366,0.879589885417873,3.11252195862174,2.80030945080996
"15",4.5908925611708,98.5823817110789,1,98.9332914417668,98.568387606567,99.4079308451609,99.5697430514992,98.9143500889354,199.3318530209
"16",2.93645428072429,18.8488947971517,0,18.6743478684205,18.6136939573328,20.1401668347299,19.8024041859283,18.709612411584,35.8132323173729
"17",2.97710351034708,19.6308735948508,0,19.0394451246346,19.4425549406128,19.0057686169344,17.9221722825196,18.8962797692249,39.2823259281846
"18",4.33478596980998,76.3086247923706,1,74.9745975314745,77.2599078612111,75.4334780378214,76.6020235774629,73.5310320284467,148.08633516064
"19",4.16138215181596,64.1601403987676,0,63.0628418975753,64.0061256127941,64.3034973415757,63.0111385099402,63.8372864399842,127.842991783005
"20",3.8399033031771,46.520975791733,1,48.5570794010973,48.3752202964848,47.9461654249908,46.3456818915421,45.4853893179671,93.9873002039925
"21",4.29963026244232,73.672549154848,0,73.3460595614732,71.7683818004585,71.9377997288176,73.7077039568057,73.7273018050447,145.932672253683
"22",4.1061077641182,60.7099596263975,1,61.483964838419,61.069259328298,59.8725549793751,60.0431731984234,62.253644545147,122.586501628671
"23",3.10545081075318,22.3192784783806,0,23.1042848790599,24.4338134245903,21.6035258629906,21.5035916613102,23.2837247327459,47.4201505004257
"24",0.186631851380101,1.20518351672018,0,1.96842959706608,0.0694345298770196,1.58000447476284,1.32706088520301,-0.627119332068629,-1.47365898110536
"25",3.87656597898075,48.2582104936878,0,48.5530192532529,47.4619545079035,50.6415384556576,48.3235645488578,48.3911718363745,96.5092126533787
"26",2.92062197531918,18.5528232700554,0,17.3004673458828,18.1552538199047,18.0889103084936,16.8264707536724,17.5194212315943,34.760651872695
"27",2.77967188146053,16.1137328660228,0,15.1042291132531,16.2054569075684,15.6872324639042,15.1781462355631,14.3854456526309,31.2378207882893
"28",0.920042031797085,2.50939586213737,0,3.26078705668331,2.2707017880021,0.806300647739168,3.80805016030344,1.34952483033184,5.62810168114608
"29",2.32379370721595,10.214351153045,0,8.90599764046226,9.75238878934563,9.17285379701517,9.62436750125705,8.82090755207886,17.4233340298856
"30",3.59105862271379,36.2724544528712,0,36.7999945499348,38.1987950602208,37.0411894148834,36.8277474313976,35.270523007557,72.5220564462997
"31",4.92146304869137,137.203201379772,0,136.669661806195,137.325256194595,136.457881002336,137.00825790367,138.551593322791,275.683481512455
"32",2.85463620194603,17.3681175708168,1,16.9697415567231,18.460168147323,16.8816460753089,16.6799921334193,15.5922811834032,34.3925539008514
"33",3.54825045081429,34.7524631257121,0,33.9628936752172,31.7802056502646,34.3994236808734,34.8351617702179,35.1228378199009,69.2905333996975
"34",2.92390818188362,18.6138919668931,0,18.3837508306225,19.7423810178584,18.5515914424942,18.7820387988499,18.6558525532175,39.0065484331284
"35",1.0525436985375,2.86492937395286,0,3.74211421560466,4.17692950296649,4.48454448351245,3.67047610277551,2.73217888565472,6.35299715669517
"36",2.41310906027049,11.1686311689842,0,11.6223643465253,10.6860231959191,12.4148425752406,10.9564302999346,11.154689143771,22.9131794572103
"37",2.44238979995536,11.5004918032566,0,11.2680276555332,11.2756328066028,13.5090817589959,10.6480624013733,11.1344525028247,23.327050141148
"38",2.91611818994063,18.469453217217,1,19.3394587419073,20.1372185280964,16.615033704393,17.1727784024312,18.3642792710501,39.7473816490856
"39",4.55567080001412,95.1705742508377,1,96.8265779849845,95.2117927831543,94.7078598683482,92.6259133050199,96.8308186279769,191.963752395241
"40",4.0792934939429,59.103697974962,0,59.0973290460471,60.1418728205134,60.1468018082893,59.6399559865812,60.6587755969003,122.450876659254
"41",2.76732849884778,15.9160573977053,0,16.3865468508131,16.5037003310476,15.6122198763335,15.9395230633058,16.359262338514,33.5192402309926
"42",2.64169247576532,14.0369406967919,0,14.3151593458567,13.8786411196463,14.3550213968299,15.0838716808928,13.5982739753622,28.7325867793102
"43",3.98565505797471,53.8205335028639,1,52.8426305618458,53.5284480879723,53.1717844944131,53.31412864192,55.0304019582198,107.140369652439
"44",3.78724064523827,44.1344494972542,0,43.2078633551082,42.714550533915,42.2655451537244,44.7824114721305,42.7115235023953,85.1984751771342
"45",2.02595235560637,7.58332953315547,0,9.50309999577667,5.44501150794699,6.37633295451001,8.06904832446017,7.52443186962339,14.9286750411458
"46",1.99945075371089,7.38499880161802,0,8.2662765893942,7.36249869671542,9.28225685927457,6.17799728918874,7.58873510081641,14.6405995500757
"47",3.5155967554505,33.6359943989286,0,34.3780761708551,33.9057653525536,33.3744088394619,33.6330241980726,34.3790050343948,67.9483160925678
"48",4.08686968497996,59.5531794104609,1,59.7007528145103,59.0502100114299,61.3411611265982,61.1400391714378,59.1754804773958,117.423269901769
"49",2.8411184630959,17.1349195988161,0,17.6203081638084,17.7657269891838,18.0022201143937,16.1416953426261,19.5135997755718,37.3293438927771
"50",4.24607449666327,69.8307527578635,1,69.9826087974095,70.30531796628,70.5333336957677,69.8907753133838,68.9428208008207,140.315573716867
"51",3.56300673527559,35.2690826754738,1,35.3110814295611,34.9284236138974,36.8926149150228,35.9264971955656,34.2330064258317,68.7651859290348
"52",2.13446397413447,8.4525145259259,0,8.67593683786895,8.50211608544805,6.86235581667816,8.21940657059642,10.820300948478,17.5701592966699
"53",3.48241609400495,32.5382426341015,0,31.5277775480973,33.8335058249616,31.9282514195789,33.2839213097939,33.0993966739113,66.2778644990992
"54",1.40283939267887,4.06673063424137,0,6.46795273621259,4.38135483919967,3.75344950050603,4.60780853901032,3.62079058213966,9.55192601948917
"55",5.0266015541477,152.414160278234,1,153.216122068505,153.215732781936,151.492030510147,151.579001196424,151.479743766887,305.219275597278
"56",5.80070839538929,330.533625490673,1,330.282417531718,331.019684386906,330.277144882717,330.66843735512,331.013127047839,662.28912791555
"57",2.48067040758639,11.9492726161844,0,13.1621619870137,13.6748336728353,9.8664179789504,11.6648515625341,12.1862531659409,22.6238962164871
"58",1.5233706505198,4.58766257075617,0,3.96040448475129,4.69009543150697,3.17050859141898,5.0543474854262,3.24826016277429,9.4604368402117
"59",3.80570522387921,44.9569436463772,0,46.6681021538531,43.9671065714379,45.567724656082,43.8505210537935,44.8495146129122,90.6269992359219
"60",2.80900394753081,16.5933821055172,0,16.1990085524945,16.1329408965184,16.8349029034315,16.4855601634789,17.1711052294534,33.7285075935598
"61",6.39640040854195,599.682536011275,1,597.361045154824,599.920197503247,600.986500833801,599.732773750631,600.136592892133,1197.58996070615
"62",2.94450625594719,19.0012783018339,0,20.3653974972334,18.731881037663,18.6667497239843,19.3121573634429,17.8109554705317,37.8039182971531
"63",3.97543876088046,53.2734861002831,1,54.4057152330118,53.1039320306264,52.8889462047946,53.4523735899667,55.2466960032438,108.247575637496
"64",3.03960103272334,20.896904390705,0,20.1225880713463,21.5617733639716,20.4757361787237,19.8371233329225,19.8208669074114,40.8740590487328
"65",1.94885294744993,7.02062992873487,0,5.61025496274129,6.24507901352953,6.0622746958204,6.04699540528243,7.21458109233221,13.0054960005396
"66",3.26699263044479,26.2323302866321,1,24.3978027059355,24.3130691556029,26.481446595075,25.6709937758289,27.3183706723674,51.6870505977911
"67",0.447403027499948,1.56424460585525,0,1.29523106792482,3.58357714548863,0.385365235861382,0.281345946189777,1.64297053665954,4.76248023041293
"68",5.07260756162406,159.589925824654,1,157.755997247374,160.025136339523,160.0855191078,161.576563590479,161.060109188287,319.894950615229
"69",3.21673294937822,24.9464854707148,0,24.1320174519399,25.9966543028697,24.7687811645886,25.0176702011139,27.6608166160135,52.2260544748576
"70",6.07253688999622,433.779738370773,1,433.943310493151,433.467623530122,434.554472306492,433.377644344944,434.896088055111,867.774627903201
"71",3.67247202480754,39.3490575765872,0,40.2045767986376,39.4426751938917,40.5970039530802,39.153291818983,40.3378156806039,79.8716096898947
"72",1.995984128832,7.35944210437692,0,6.53947897749718,5.20625435379035,6.94322534687946,6.96622032603398,6.33351477732122,11.7138421390363
"73",3.86369749200289,47.6411789862405,1,47.5175762262649,47.999172057267,47.2114610505665,47.5510433771395,49.3356048754598,98.0690891658797
"74",1.67898646074811,5.36012052452158,0,5.61506876056302,5.82798533585106,5.31359529986221,5.16680863033637,5.31626259153599,11.1357490606121
"75",1.22709464313796,3.41130406907377,0,5.1302304073111,2.50461523419743,2.75271252847914,2.7790078336657,3.82022840269042,7.14049079719191
"76",3.41216721897138,30.3309067977814,1,29.3723632702543,29.8015568822546,31.9334908745484,29.9592228121767,30.4461162757831,60.4563215899908
"77",2.37309062080472,10.7305050103433,0,9.12619474858281,12.0740817271984,10.6668329615886,9.99791313590293,10.554101814571,20.6350069076132
"78",3.00156320326863,20.1169592535043,1,18.2713498317935,20.5863933101278,20.9857868876187,19.3036713768212,22.198675553869,43.5466585549254
"79",3.10513450886006,22.3122199647143,0,22.8679571500041,22.0591148769639,22.6905954452398,22.8999721585538,24.361286157788,45.5800838222676
"80",2.16629148259781,8.72586394436461,0,8.66574475301424,9.09496765969303,10.141552113067,8.19374050908071,7.88117512195665,16.60109133254
"81",2.19578096555055,8.98701686748531,0,9.75910317187843,7.64030967703453,8.77799011090652,10.457158223367,8.5644322055579,18.2857195061421
"82",2.80882856914906,16.590472240187,0,16.4496328530297,17.7624076658076,13.9124276478374,16.716518303992,16.5904292939803,33.0636186885474
"83",4.66606660820921,106.278882717987,1,106.671976643502,104.370146373061,106.888063188943,107.156497971158,105.054493719648,210.372120382499
"84",0.845351167650848,2.32879546862903,0,2.55301404278848,1.32440465800504,1.29515529144664,1.85133092393847,2.94494037770635,5.2949279318966
"85",3.83996675386391,46.5239276732464,1,46.547469658415,47.2006151869055,47.0213191696639,44.2809965072457,47.1167167613518,92.976178762868
"86",3.47086293056731,32.1644861908843,1,31.5415235311195,33.3168079351013,31.1905938543513,32.1801049582318,33.5200908045165,66.9475442081542
"87",4.50345020803286,90.3282455258062,1,91.5902549064326,88.5954856082429,90.2337736179721,91.460413105449,89.4902871094362,177.950867462118
"88",2.56981896974051,13.063459345429,0,12.6576853026532,13.664768202015,12.5094826514743,12.9880541839237,14.0679937984374,26.9950593388741
"89",3.52328561931677,33.8956137909223,0,34.5623775623648,34.2372641049968,33.6498542151151,33.4518988859032,34.8127958929007,67.5575072250986
"90",3.37773473240354,29.3043137574694,0,29.4689529119995,29.2690327484036,28.6495281486622,29.5643921459114,29.1576908610948,57.6932129028427
"91",2.23276081431254,9.32557675773397,0,11.1071012325211,8.69941173793824,8.34177151502,9.33891853558071,8.06424848295153,20.2763883190523
"92",4.70818303277524,110.850564972067,1,111.56177893639,109.99459376232,111.046972432739,109.886680456027,110.597000240049,221.111630960571
"93",4.64105711692901,103.653863941615,1,103.316172785752,103.805641783588,102.43733762938,105.311171565328,105.320814600701,210.878830387962
"94",3.99025163970287,54.0684934312147,0,54.0593444789474,55.2748661250609,53.7834505667954,53.8434275107174,54.7908069460665,109.215070276412
"95",5.24412139263901,189.449290544119,0,189.323981335706,187.960712660917,189.148944479304,187.930715608838,190.043196174802,378.130803626735
"96",3.78981907743572,44.248394018838,1,42.1575479218657,43.1980198957692,43.6097735182204,42.9128104761375,41.3633760878557,83.5116834211756
"97",1.19462598517882,3.30232242196662,0,4.99971631678731,4.94019653887521,5.04517031803585,3.83185123748992,3.318433873545,8.99312594993606
"98",2.18928027634677,8.92878454414805,0,9.99266569863556,7.72145036294477,7.05938394849363,10.3220456850662,9.54349346886153,17.4616657067611
"99",1.26813623135756,3.55422213771754,0,2.78760550149226,0.928067053114771,3.58540662961662,4.6808499454207,2.41903792193305,5.15214033280579
"100",2.33051039951147,10.2831887283499,0,10.6651962875203,10.3006519945009,9.07407459879367,10.271829383767,9.80713749070246,19.5456945863471
"101",2.12266903142531,8.35340325625098,0,8.59529915985797,8.69759728361925,7.01235230831323,9.29374005822211,8.66910799468906,19.0446290287945
"102",3.05956083899176,21.3181929868612,1,20.1854335758088,21.3309128241933,21.2724857604289,22.1060481773455,21.4820843788188,41.4252653011467
"103",1.71176225035787,5.53871348217962,0,7.02862089583284,4.66526334899065,7.72670459787473,5.625655420263,6.49637183858723,10.6530809768962
"104",3.22348643317901,25.115531337983,0,24.867284233014,25.4583316223242,26.5376271335086,25.1483323085873,24.9844350149263,51.6381874054328
"105",2.07427751884884,7.95879430250316,0,8.14237801044662,7.78140654822069,8.14204132397965,9.51165165732945,7.91203215883928,16.5775575131277
"106",5.49932162495611,244.525995653922,1,244.930866663362,245.447428908513,243.873062815541,242.121117612208,245.608559548049,489.835013753929
"107",4.01357743283772,55.3445080958335,0,54.3503836265241,55.6454524980431,57.3870674119377,55.5118373807149,55.4006023523584,109.200983422548
"108",4.28718073947463,72.7610467201349,1,71.6756173905676,73.4544334728447,72.5265555252945,72.3579200387331,71.4794381052951,144.04358611422
"109",3.54332014350318,34.5815444896077,1,34.5330019350779,34.9070163958864,33.6901197230214,32.8357007936627,33.6867630148626,69.1077803838616
"110",5.37895622737018,216.795871691362,1,217.371957291874,217.203922714091,215.43840138584,216.102028569926,217.569296341569,434.609895120895
"111",2.10093288473038,8.17379156229234,0,8.24762209413695,8.93363381818335,7.58976357423783,8.03412538161945,8.94116578381882,17.5255170296919
"112",2.34713576132602,10.4555795204577,0,11.1615250917599,8.16842600000727,12.1236746374209,9.99734155107538,11.1565535173214,20.9661927727376
"113",5.02555296689172,152.254424495224,1,152.589404598615,152.772262756812,153.340167851074,153.238421273356,152.793309989411,306.006589785329
"114",2.07977639216176,8.00267925240487,0,8.54806705832949,6.65544299411879,8.56020758102358,8.68990472584257,9.13400924481542,15.5597284194471
"115",2.70671933982308,14.9800503588601,1,13.5771444529188,15.3432102177284,13.3432175401999,13.8694459855449,14.5416741495724,31.4855055527315
"116",2.44448569877545,11.5246209477474,0,12.2016748386913,12.8393735124057,11.2530829181153,12.0662077156905,12.9269384573885,24.1157935702233
"117",2.54746174543603,12.774637314547,0,11.9848368684041,12.3263314036392,13.8664358684561,13.5548152929897,11.436132734509,22.2309485410302
"118",2.6052741814918,13.5349358229418,0,13.0692069335077,12.7267713546825,13.2211825627287,12.3427468965694,14.2989611848235,26.961857872586
"119",3.69888784044549,40.4023455094109,0,40.2974934441761,40.3160770103713,39.7203216122083,40.155078371302,40.0068387352147,80.2240689800955
"120",2.74921682695216,15.6303857925296,0,13.9825347052243,17.2158100650505,15.6824664790166,17.284457723917,16.3370597585283,32.1370608813955
"121",2.28446809509415,9.82046128302049,0,9.72092433104913,9.92151873120718,9.1111648151809,10.3235011781799,9.70432275382208,19.2601789430768
"122",4.89934372134962,134.201677082655,0,133.761819445812,134.350439294308,133.846968768309,135.111730449668,133.720279191271,267.666394778239
"123",2.69653889022702,14.8283203614893,1,14.1098089095508,14.2818856933452,17.2233537032854,16.5845400208556,14.8771602570224,28.8592247364356
"124",2.74606871999999,15.5812570382121,1,15.0266594418771,15.0535814509479,16.1322669750347,15.7082940957551,15.8925600439364,31.6886287455905
"125",2.85830889495157,17.4320226147095,0,18.6775117914609,17.2921510552174,18.6808085098714,17.6979895836457,17.4276024269306,35.2572074781982
"126",4.00786235687845,55.0291121425095,0,53.7701907915484,53.4397007280596,55.0785822949553,56.1091504214601,54.8336167986487,108.185555859528
"127",2.89596422197665,18.1009463597976,0,17.8855618783696,19.3350505254853,17.6453975445272,18.1103152106099,17.2108996845466,34.1699023426906
"128",2.94677724430263,19.0444790191918,0,16.5725173090723,18.7090241708597,19.7023684212192,19.4286992630171,20.2422651386123,36.1235091991159
"129",2.03598650601001,7.65980484297864,0,6.98563552287257,5.65880233616877,6.1743374305935,7.12683199471676,7.70637985474431,13.6358127868609
"130",2.54141258311484,12.6975947163587,0,12.1962975309288,12.6801363136204,14.1667792653101,11.8750470268955,12.9593126224089,24.4610148067695
"131",3.08507971078083,21.8692099844047,0,23.4115357723567,21.6282430885611,21.6474488183005,21.8225550218186,23.2089052581701,43.9635542962314
"132",2.16717743072485,8.73359803267756,0,7.7715799674408,6.94160863375503,5.71129481902218,8.17078839697236,10.4350992231726,16.0323820749206
"133",3.75164912397065,42.5912623878215,0,41.7190828513801,44.6409538990485,41.7221668482355,43.378153386888,44.1425577021888,88.0450582719205
"134",0.852666496510083,2.34589383717221,0,0.948264219267849,1.22867622566134,1.93200228223746,1.69832709335872,2.02358767176329,3.21796087942691
"135",3.43353828438097,30.9860866000067,0,31.1658917668231,29.632537055189,32.9753048649624,30.2060541139083,31.6482287459069,62.4375801597547
"136",0.827131821647397,2.28675051701836,0,3.4408425048057,2.73805282804928,2.20776074950759,1.38522532282,3.92648333721535,5.37196756544529
"137",2.57435547947714,13.1228564819219,0,11.9243228718354,14.1560839067724,11.6390275350953,14.2514008465409,11.8046100812298,24.1899988494312
"138",2.25289939440471,9.51528444239401,0,9.08956004091999,9.31939874728012,9.22841339108006,9.13145764210289,8.15034364740766,17.2656802932531
"139",2.07779871720822,7.9868681938068,0,9.35317680265431,8.21417858058755,7.08584442478996,7.39358760876289,8.11022590286891,16.2044921276904
"140",2.91953580511289,18.532682686208,0,17.8483852915494,17.4304829362206,16.958665573812,18.407656789124,17.9406523224046,35.7224848207938
"141",0.292686936946558,1.34002321299927,0,2.02553542137554,2.29530058154062,0.671708281475696,0.857330939908253,3.51782701890197,5.14155589901874
"142",4.66394007711851,106.053117503055,1,106.442621045869,106.365947948967,104.196952988977,107.724162903052,107.306242188862,215.130115685061
"143",0.645373399731612,1.90669885720702,0,0.601302933401713,2.00770457040615,4.59062177523494,2.59269615457777,-0.769959357930336,1.0602819613788
"144",2.34446901966551,10.427734335425,0,11.6446223465261,11.1758497497152,10.7059810710122,9.70008072469198,8.76175251528615,19.8119861150464
"145",1.4218506529236,4.14478390330735,0,4.93995792157966,5.14374479810096,4.76985351998959,4.44687494954695,4.98726126333984,10.4546674880816
"146",1.9381815856248,6.94610857587869,0,6.45790606645289,6.21359326686553,5.79467607379335,7.20376478297803,7.33161490141238,13.25607473772
"147",5.95169923575901,384.405980796535,1,383.501987341905,384.886876036646,385.701648103961,385.530956420928,386.544452505177,771.809808981247
"148",3.02460112129608,20.5857918393671,0,20.1953734212801,19.5963415311097,21.1079203127563,20.2756853865769,20.7985909756895,41.7412706258237
"149",1.18089634457207,3.25729255126939,0,4.0713559664148,5.48685159961514,2.318666050853,4.0818844372919,5.09781523033924,9.51634469697528
"150",0.679833402720887,1.97354891696158,0,1.40929963677815,2.43028551655045,1.86581105468793,3.14844182174015,0.011349850171456,1.68502187160511
"151",3.63666070422522,37.9648489588267,0,36.0906436400574,37.929033515242,37.5652174504853,39.9411368980766,36.8987469199887,76.5414294921481
"152",2.97375243285958,19.5651991178766,0,19.4222944069555,19.0747564114568,20.8519004806044,19.5290973211909,19.7313556462036,39.0627542695173
"153",2.55018339095813,12.8094527050756,1,13.5813567148179,12.5888860938948,12.6458036054047,12.8806209718151,12.3207884603561,24.4121632820623
"154",1.68568344671479,5.39613764491618,0,4.23701971474864,4.29492828413119,6.4813674818236,6.62968386735206,4.59219349134896,9.20177668102323
"155",0.896413455906222,2.45079743655488,0,2.21288190888454,2.51426790791193,3.18062938182944,2.73658079770066,1.26742195287007,3.68091944862609
"156",1.47944847196703,4.39052351623567,0,3.16833019021341,4.97404944932281,4.09134792227291,4.60632511999688,3.85145880020559,5.41533300180035
"157",4.41425429697596,82.6202077901678,1,82.7370140030934,82.106848943973,82.570289176295,83.9955282233609,81.0631379591042,163.813527409102
"158",2.12139621436763,8.34277766574763,0,8.21027803773411,7.53022554382004,7.48036736012336,9.2293587524448,7.67105417840293,16.6577220914568
"159",1.04212477631543,2.83523485867735,0,2.80155008263971,1.20591495316278,2.33723675972672,2.85274964943582,3.74881027828049,5.35585083977924
"160",5.64357615024827,282.471073385525,1,281.848746967297,283.039979092036,281.075155168448,280.837214144799,281.70383672182,565.405166448705
"161",3.60118271905004,36.6415454800974,0,35.9321820185445,36.9753287868024,36.2171682709894,36.5411740180214,37.5618161004693,74.1420917656389
"162",2.66250203326777,14.3321036755558,0,15.2035490899645,14.1207811161868,13.9672163450963,15.4617437250518,14.6612976614954,30.403524531559
"163",4.49692108302632,89.7404022585204,0,89.8455402775576,89.1893043281212,89.5223215602853,89.2292186683123,90.138017300034,179.622226487002
"164",4.25359093556915,70.3576089052676,0,70.1706736376938,70.6159700342087,72.856960693167,68.0495539859264,68.2097396652777,138.69856269628
"165",2.12425808278626,8.36668779517579,0,5.15349926275496,6.99147734876479,8.51186168501033,8.6413952717736,6.45183788248302,12.0140289159403
"166",6.11990002533784,454.819221828459,1,453.543603125295,453.346467679356,453.341418385213,454.197046967617,454.960983448137,909.3146324344
"167",2.63933731520284,14.0039203470209,0,14.7668266649073,12.5587106741751,14.9331638338176,13.8924115210447,15.7546962487658,29.0299487937462
"168",0.985460346141128,2.67904488857129,0,2.27222974512848,2.31775646395012,2.39102423330692,2.56494026087701,3.62465514652128,7.98070265161234
"169",2.79578812451507,16.3755296250875,0,15.1672118412068,17.1662395898181,17.7849020812009,15.1901993730601,16.2617659229286,31.9958469867084
"170",3.29350353405477,26.9370734801415,1,26.4977508232631,27.6517313264655,26.9908414813616,26.7614890854941,28.2084080969085,54.6534964257832
"171",6.26397435361389,525.30253492215,1,524.926954176207,524.737381404852,526.909302700504,524.781271156189,525.167336571219,1049.21860690658
"172",3.14962714360647,23.3273652019743,1,22.8259228068276,24.7453795054034,23.3101380783819,23.1062700533903,23.3176425764626,47.21559790955
"173",3.64629390861809,38.3323393216012,0,38.82895189738,37.1865825406112,37.7897002710416,37.7794614507851,39.8621118064625,78.7404786213746
"174",2.8908892724419,18.0093176726308,0,19.5301986108598,17.5164998496784,19.9880103323709,17.570807625135,16.8203980068128,36.7635499980428
"175",2.52765147888119,12.5240585550598,0,13.5121503828712,11.7910062814038,11.1579459098284,11.9564380352757,12.378372067131,25.7226890184606
"176",2.95088997979484,19.1229652098255,0,20.3690877437966,19.2821972901801,19.5478615712959,20.9406880834504,18.2580939503392,35.8221231908642
"177",4.11389061254437,61.1842995034758,0,60.8544321759773,59.4331065442563,60.2079904819959,61.7820761306023,60.6404907222778,121.497639329234
"178",5.93483963648313,377.979377209006,1,378.823721922995,379.164208076059,379.172348892889,378.283100116817,376.352424196837,756.882469059605
"179",4.45295232077929,85.8801157464549,1,84.8990399912086,87.0871473474756,86.3210753766993,87.5980755228051,86.0011867915287,172.312851181805
"180",4.70824043910284,110.856928678571,0,110.717707273454,111.834578005102,110.427831119081,109.96426225606,111.838033868868,219.90611963204
"181",1.25864571756497,3.52065030246415,0,5.70608820893765,3.43865855842095,3.1429860363627,4.09418505517105,3.43357224403253,8.44262734472269
"182",4.3914384591283,80.7565003964393,0,80.7436723865607,81.9127638190372,81.6452004542037,79.7441440414498,80.4591155715164,161.174082597594
"183",3.31102064003913,27.4130900959164,0,27.1077811699457,27.8998864326689,26.348083984772,26.9310646982945,28.0266769411135,55.4955503922779
"184",0.924995109465432,2.5218559271044,0,1.9376424664521,3.48070458989946,1.74458472975971,3.03326167825244,3.8713865146378,5.67442192182052
"185",3.73683742895782,41.9650625876143,0,42.736331089487,42.1428549588031,42.3729252217182,41.405175553065,42.9528332183087,84.8784048912999
"186",2.77548708492143,16.0464410719306,0,18.1526304336924,16.3386919529646,16.7967127454121,15.5637974648569,16.8463770063833,34.2390693184199
"187",5.07123923986724,159.371704789323,1,159.78386182617,157.258364104669,157.656701616748,160.844630850352,160.785087904891,317.9623247669
"188",1.91659644626918,6.7977824334594,0,6.53651755536544,6.2597345226383,6.9900371203273,8.39200489410046,5.80875900466249,12.3703466125455
"189",2.39158870290193,10.9308460225393,0,13.004629668543,11.9448716072925,9.76911278462837,10.1999762335166,10.8676396759206,22.7994810905159
"190",1.6902833885663,5.42101674163562,0,4.64218651819468,5.52228638310948,4.77918807716546,5.38272751777566,6.36312626902876,11.868379574005
"191",2.74953717578644,15.6353937705048,0,16.7669262837857,14.4166863989567,16.9478329578802,16.627156127833,15.0409504715397,29.4011441989685
"192",3.56853051078332,35.4644402294423,0,35.0430951013586,34.5060634366511,36.4659803238503,33.5981571687087,36.1816221841318,72.0628769216339
"193",1.96515180933252,7.13599581869634,0,6.11424844867661,6.58019833409036,6.94246797867018,6.69866267159264,7.22112495106715,13.6214475797176
"194",4.1743249959904,64.9959523221929,0,66.2142577009397,67.1178282338362,64.0627755023353,65.9320328047553,66.03110815346,129.495041065104
"195",1.29151293913875,3.63828690050997,0,1.83852622561458,3.45869691294902,3.94861634556707,4.02147107778625,1.79117196664553,3.48587916619396
"196",1.51792623025169,4.56275327753261,0,4.25450333918189,3.91801786928987,6.14607499111917,4.2610185988502,4.89415577651029,8.77526137305604
"197",5.03810477453769,154.177536763921,0,154.19305200727,152.084952992164,155.083685938797,153.173283383857,155.199964963693,308.691426866981
"198",1.56337473726383,4.77490814578968,0,4.33259042712275,2.87303730809082,5.17605097674618,5.58470458889657,5.32610020822184,9.51850235324244
"199",3.58262022551418,35.9676608680655,1,34.3296531351843,37.1899111443871,36.0433583095943,37.4273177027845,37.4085341815214,74.7423234232801
"200",2.46107708022618,11.7174253528665,0,11.0760241966837,10.8662049114864,12.7769145209891,9.52619955155069,11.6432063377943,21.9865755586694
"201",3.57898163409485,35.8370270515248,0,34.2799913070741,37.4582299344824,36.7539650888359,35.4316878689897,35.7238726473644,72.4611482450946
"202",5.38842750647938,218.858960524509,1,220.782124177472,218.529857722545,219.668233601453,220.799632036405,219.715440361655,437.887061209214
"203",5.24377488047792,189.383655433373,1,187.526825804973,187.057245905933,188.672033154696,189.86862069455,189.198071333367,376.089207901696
"204",2.53202570037938,12.5789615526301,0,10.4728431170351,14.7719595521666,9.88937637359356,12.3768642892446,14.007013402533,25.9900670535053
"205",-0.231811087227547,0.79309593510748,0,1.49074446205183,-0.289384041289449,0.226048909704841,-0.376532648979115,2.87486337920082,3.69193463683836
"206",6.53222689456182,686.926221769093,1,687.833666176821,686.419860801733,688.225420601651,686.556375674093,686.358731663987,1372.2243575236
"207",3.94337402003999,51.5923816961522,0,51.3963934972682,51.6883006529852,51.4020901515974,52.3521755321728,50.5046252722235,104.034941035633
"208",3.76555246020316,43.1875586778282,0,42.9807381898726,43.0673934198867,42.5495103441374,43.3853477678346,44.5085688715891,88.5149394445892
"209",2.98105021263772,19.7085038997188,1,20.4335470701939,18.1898362700442,17.673120018093,19.2537676389861,20.4266657505917,39.4315371327652
"210",3.72140225002078,41.3222976942711,1,42.7210166497029,39.8117126314282,40.7179253388241,40.4017009112201,42.0418020881977,81.9950032065077
"211",2.76753746938498,15.9193837323106,1,14.3288285828834,17.3149886605409,15.1112218432343,15.8116764889633,14.9542855015659,29.8689829587563
"212",3.59495207010824,36.4139546291481,1,37.7184517057879,35.7055326850682,35.8071754506596,35.2102921606615,36.5804134085338,73.1997186535451
"213",2.43396562637114,11.4040165964895,0,11.6000283301872,12.2319549495995,11.4909254169949,14.0788874553755,12.4643599624238,21.8770238548823
"214",1.06223343630193,2.892824719331,0,2.5534812738453,4.60058055654457,2.6585276899338,4.46528980611491,2.52660065534644,5.52083905895097
"215",4.39701427526583,81.2080414797333,1,82.4731856198771,80.4288749228617,82.4705683754118,81.8864606748108,81.5478156000675,164.119672858222
"216",5.1492440264105,172.301185923723,0,173.240959608796,171.594286855051,170.737387832056,172.417598526151,169.984798062858,343.567538512898
"217",2.56337489974635,12.9795481542106,0,14.2575006401468,10.9866456436952,11.4860766314271,12.5132350289152,14.1678960670008,26.5673844094559
"218",1.22758063003634,3.41296232106946,0,3.12180217743466,5.31283885398039,2.31582749911763,5.25919561327544,2.02262629457433,6.51175629646958
"219",3.90826636480578,49.8125203362237,1,50.5886927859053,49.0563134003511,49.7834135883397,48.5211253050306,48.2263353129194,97.1385764077918
"220",2.93677173224254,18.854879357276,1,19.1506049904871,18.4769235775517,21.0285642768402,19.815614916959,20.1578131814749,38.230456405457
"221",0.548859022513625,1.73127654296692,0,1.2140769881855,0.367321741481179,3.10106359170271,1.9638174340627,2.46809472499922,2.8320076655954
"222",3.00301490487291,20.1461842834048,0,21.9034173077445,20.8881424427124,19.7678036219163,21.0087342187053,19.5750747942461,41.7215372068149
"223",2.10862071939053,8.23687248754354,0,8.39859930639866,9.84784848355736,7.45812761121683,9.64830047713669,7.8164916814679,17.5890442340787
"224",2.51779761001832,12.4012541672714,0,12.3465697914333,12.6286416141668,13.6653394964477,12.388239319081,13.2971735462001,25.3364836865414
"225",1.36435967889448,3.91321653445285,0,4.44218813512169,3.51270086053549,4.22122965149461,4.11548054839454,5.00392095410962,10.0407808349325
"226",5.55002774106018,257.244692047275,1,257.634426568531,255.575111647632,256.826190357752,254.458677317519,257.192663554619,511.102128002203
"227",2.53170858319931,12.5749731802385,0,11.869201765395,14.0656742775406,12.5373302506622,12.4169728142592,11.9048933346345,24.5451721647501
"228",0.729461157819792,2.07396276791203,0,2.0207842928196,2.76545020111043,3.26126133428714,2.90560076300477,1.67441152393842,5.38719778964271
"229",3.27887363547636,26.5458555442909,0,29.1523000330765,26.5048780676261,26.440197850446,28.7343870578384,26.9797456402372,56.3668460757699
"230",3.37218656843293,29.1421788112347,0,29.0695857064514,30.3465236639131,29.3446204635339,27.9960852475106,28.9546648978556,59.5233570272732
"231",1.60583051013166,4.98199548278117,0,4.68572359135084,6.28051044635151,5.76240395705864,5.21324558544977,3.98829052909133,9.61354440999063
"232",-1.0855507945092,0.337715722692391,0,1.07204605875439,-0.124501298067527,-0.20442665684034,0.36036408010405,-0.584694479525319,0.0914411749652506
"233",2.0942220897806,8.1191225645396,0,8.52060331097619,6.89334881671742,6.09259041804461,9.49825215371536,8.09653606486874,15.3032601133777
"234",3.80681963615616,45.0070721430292,0,44.4687710669895,45.9703388971349,44.9854001493484,44.7608193880145,44.9963322916745,89.0651954203714
"235",2.91553853303119,18.4587503733345,0,17.3760275624175,19.1519616012954,19.6810329792748,18.4536250279548,17.9585134209519,35.6139563121046
"236",2.86115428869104,17.4816942168438,0,18.3294956243479,16.9803010509176,17.3080125849592,16.5186913899904,17.300022541252,34.8078459877315
"237",3.79312028047453,44.3947083253748,1,44.5135533403816,47.5486797423585,45.0587215171021,44.3753348475086,44.5842497718655,89.1795377211019
"238",1.32209410212619,3.7512686976036,0,4.23351592037976,1.20216180258666,3.20343049969081,2.59260075898281,4.25425766109512,6.72892415863902
"239",4.55107697091211,94.7343795662019,1,94.4430547614778,94.7262414813728,93.81693756076,94.5773051679917,96.4082990263221,193.01964217144
"240",2.99244240273131,19.934310697454,0,18.2822004259767,21.0730913384253,20.371416450487,19.3335896922446,22.4815388498046,41.1411872835448
"241",4.00028833864553,54.6138950596139,0,54.6829896578898,56.0962415275603,54.2289264980623,54.44989330905,55.1360438990437,109.215803302655
"242",4.46244918342064,86.6995924792379,0,89.0901691791997,87.6754374882017,87.541967783016,86.015795208196,85.807172351204,173.57352481762
"243",3.31604903369799,27.5512810524123,1,26.0895093661113,27.6996313456955,28.5042973574687,29.214259657606,28.2795936596178,56.1985827099678
"244",1.75731977652439,5.79687962171478,0,4.81207332896706,6.58578837902251,5.38624780596139,5.22520960820993,4.63795659449141,9.50413811409596
"245",4.6446802476082,104.030096594542,0,102.694042850039,104.58767781425,104.130904871305,103.994637903414,105.523380344635,210.60631790067
"246",0.171339608101148,1.18689375932092,0,0.821762147587869,1.15949936627802,2.10764945250496,0.789831448892211,0.338643842955587,0.0600555623683667
"247",2.22954954683429,9.29567786873458,0,10.6771321167143,8.41860290993434,10.7552730836263,10.0104125962636,9.60335980980292,18.836918332837
"248",2.63842701560864,13.9911783843933,0,13.8378611286392,15.2074218551217,13.5943358502271,15.2586329794968,15.924200800187,29.832644509805
"249",2.76506937681145,15.8801416659921,1,15.6245700317522,15.5288918537172,15.3970578372147,15.5233553343938,16.5826850169532,31.5950394345523
"250",4.44315389971475,85.0427354135098,1,83.7541083099127,84.7483422961362,84.7265162811937,84.0174124565594,85.0590451316384,168.745373373669
"251",3.19264684871809,24.3528003912823,0,24.418066808283,24.6059382007413,25.5628043391077,24.7625169656885,24.9942689137042,46.4350283826793
"252",3.57582194692094,35.7239719602184,0,36.7592983816393,35.7354699460448,34.9709913122567,36.2537263034486,37.379190928458,72.3121089990764
"253",2.90149321875259,18.201303615676,0,20.4615194075362,16.225519653451,17.552036372049,17.8381761534853,17.3416681423529,36.3622438086186
"254",2.64974972916574,14.1504967455515,0,15.4651930208668,13.7241700216899,13.8962522922718,14.8322461390817,14.7678807386342,30.9616793554627
"255",3.98365738404104,53.7131249453465,0,52.8431015996594,54.3254275054566,52.4167553875671,53.9165357000133,55.0489615086238,107.654238124534
"256",4.62101168835122,101.596764417336,0,101.093634381951,102.827578526172,101.172107326621,100.312211383326,101.062755639824,202.592704901078
"257",-0.398491258787534,0.671332148823241,0,1.27878770407911,-0.599475659206442,0.272176420203513,1.28192863333531,1.19970499268894,-0.0827378425068555
"258",3.8099760467362,45.1493573788986,1,45.139315962644,44.498801715395,45.2092322879231,43.9530689339031,45.0756591508865,89.2475223605651
"259",3.52994033821859,34.121931778789,1,34.3972620784077,31.6787655416036,34.8026096431488,35.444538995592,34.2313912650163,67.6304107462916
"260",2.39858062053589,11.0075414090614,0,9.69524262569002,12.0040900035798,12.5769631699191,11.3818369782153,12.1077222901814,22.1700386583832
"261",4.34493521046565,77.0870428838921,1,76.6605130165486,77.0921564123011,77.8983519057791,78.7243844262023,76.9334648817933,154.074214038664
"262",2.44953549863399,11.5829651663086,0,10.6565609186287,12.3739899301463,10.3116972408971,11.487371347423,11.4267072554936,22.8276044246539
"263",2.59789572188453,13.435436373429,0,12.5068784488177,12.8722448366378,14.9401122578049,11.8754042751516,13.0490632483657,24.1078213453539
"264",4.21256053667176,67.5292296954243,1,66.8103290932022,67.7430558981232,68.3362167964624,66.1385855517385,66.6824102016431,132.971762413608
"265",5.43192024864337,228.587769605999,1,228.17297903648,229.564852270101,228.652346586801,229.873600458974,226.414842804008,453.501962849073
"266",3.38191530349075,29.4270789598231,1,29.4214110666825,29.1929178571872,30.7711326703564,28.82000661131,28.7091727594504,56.9012872163904
"267",2.40294164754126,11.0556504205111,0,11.689099340006,11.9043109744659,11.5975481923956,10.0757185219456,12.7554331805942,26.1386288182454
"268",1.31833985121142,3.73721189655335,0,3.22803112289739,4.39118278711869,3.58314685568698,4.03963979783492,3.66801861661249,6.70165940907233
"269",2.53184867167654,12.5767349124788,0,11.71972629315,10.9861648862049,11.9944032607308,12.3198379052425,11.2985460718286,21.9953992331451
"270",1.67088062013356,5.31684785947229,0,6.93301543628514,5.6262709923862,6.20343649265032,4.24865520585268,4.74144012522102,10.0560343529129
"271",2.63381402921312,13.9267859038545,0,14.9206523106928,11.4408037139689,11.7156289359155,11.395397745334,12.5371414184684,26.4647327510887
"272",3.55773636841637,35.0836906421325,0,35.7805365015384,34.8052515348364,34.9288023610387,34.6327634138933,33.5810981341616,69.5518976886009
"273",1.79529214725615,6.02123355173683,0,7.72120422470223,5.46879979240329,4.8941201022729,6.37564478229925,6.95248727102813,14.8440255382232
"274",6.74648773223401,851.064341147385,1,850.086599202123,851.940383220176,849.044224111389,850.71536275558,850.773212064813,1702.78606746632
"275",3.22063382761411,25.0439887234668,0,27.0928063054261,25.3374724179083,25.2666157268682,24.8979097996979,25.7211585162995,51.467826979314
"276",4.59835444592742,99.320743441532,0,100.547192765693,98.7235213946601,99.1928403194134,98.8681592390563,98.6939730498848,198.900815759073
"277",-0.237310178243353,0.788746598036588,0,1.09576961001419,0.631542994729033,-1.23529854073696,1.02365079716067,-0.653731077254891,0.633294322317005
"278",4.04793388623995,57.2789897952035,1,57.9033227791301,57.4631748554818,56.9993109160202,57.9802475666804,56.6885382320513,115.943730246102
"279",1.13854824268145,3.12223234972209,0,3.18357379217311,2.10920033542329,3.54286300970271,4.44883066521918,2.32998555271647,5.21662924013078
"280",4.3007988355955,73.7586912397776,1,73.6478654483486,73.0788478350377,74.4015761766554,72.1855600887027,72.826821265188,146.506600635964
"281",3.56304106542987,35.2702934893069,0,33.6940599292376,34.0275998748071,35.5646748720011,35.4885764601436,35.2525969233997,68.5692564251127
"282",2.42366755614205,11.2871798616806,0,12.0297697074992,9.75216112520131,12.0063215941311,11.0338444956332,12.2802426722632,23.2938597357001
"283",4.87278451488632,130.684303121939,1,132.826626520045,130.159763108829,130.876807821257,131.737207134611,130.72786814601,263.17573860107
"284",2.00830866298548,7.45070503128364,0,9.5404779879568,7.43217764582547,7.81814466724006,9.6737494924288,5.42717405159889,15.4057934379876
"285",2.17888737643522,8.83646912344519,0,9.00626345057271,7.26832195228622,8.72307020174214,8.82861486066223,10.7313149187912,19.6511946088519
"286",1.58427014467944,4.87573150099535,0,4.7678537120743,5.34358317519075,3.83913788545244,5.30423318236181,6.05605003953978,11.6433033695222
"287",2.05505275224179,7.80724971169761,0,7.98924420627693,7.13942084771616,8.05984087519727,8.86358819359902,10.2214131897248,18.3529784653414
"288",4.33669338001119,76.4543155435816,1,77.6002437219059,76.7653979031691,77.3768609661726,77.9760167493321,76.2136523796635,153.553255323955
"289",3.61334746191713,37.0900026117159,1,38.5673014343183,37.2325536158845,39.3649385572751,38.2895906621466,39.1612920260052,76.6584793254991
"290",4.4215097979832,83.2218387186448,0,83.6297828711789,82.847803997914,82.780400050436,81.1629344535221,83.4545527962672,166.768832035925
"291",2.44828889436041,11.5685347887855,0,12.6828135239996,9.62360841274976,11.580286821451,10.4119074684985,11.1950664446949,21.1456471181858
"292",3.53226797110203,34.201447615181,1,34.1743717711874,32.6037663011106,32.0744545359108,33.8973623432174,33.3681019828593,66.384786416248
"293",3.3453013476646,28.3691233477447,0,28.866845551092,25.8284654867655,27.5770087818442,30.2682507174267,26.9057152678129,54.9057619421121
"294",0.982967522968407,2.6723748204965,0,3.85801483413137,4.03442207003747,3.96119290390427,2.81421469056302,3.7080940809657,8.2713226900942
"295",5.5150788180693,248.409555637471,1,252.049129264211,248.048889634119,248.155219109077,248.501878911498,249.702430348119,499.304300294278
"296",3.19013770552174,24.2917723239669,0,24.2377697283729,26.228169634831,24.8606580595955,24.3905764521496,25.4357568681383,50.8272075497001
"297",4.08272048794832,59.306593455847,1,58.6384461389603,57.8507096583155,59.9740437860247,59.8995647266144,60.011802036467,117.74238099747
"298",4.35076724240465,77.5379304975687,0,77.983738454984,79.0198362058659,76.5883062057452,78.8127729219074,77.8257754411238,155.204799407174
"299",2.92848929922943,18.69936001035,0,18.2935347639863,19.7754796463979,18.7148686827191,19.7063498210286,18.95699315329,37.5443613362568
"300",2.56751168578273,13.0333529805705,0,13.6686361250921,12.2758645792046,13.2658853844474,10.6715233161809,15.0283392242944,25.8887358782054
"301",4.26384547030634,71.0828053711331,0,71.4240537702676,71.7968909155655,70.7711162106737,68.978745204115,70.6372010340891,141.519574744447
"302",1.51889675374928,4.56718368636234,0,5.88335084940202,5.14856831559524,4.7729327440203,4.48274421481898,3.89078973540336,9.16004896174862
"303",5.78789206761132,326.324429041548,1,325.364652557887,326.177705139122,325.67044211672,327.080758460442,326.736034632953,651.893597803397
"304",2.45746227232524,11.6751455738006,0,10.4695703624198,13.1821273512519,10.5218878664781,10.0944295219787,11.0882941541083,23.0180908594857
"305",5.33931472061303,208.369869775234,1,209.937442833449,208.090337131989,208.897360694217,209.077115730136,207.095502162381,415.308813593033
"306",5.13859170097773,170.475518683083,1,170.700804482874,172.503257416382,171.869437792494,169.429531010292,169.578623105723,342.504357959541
"307",3.11733126564943,22.5860230455907,0,21.66361238815,21.3902828497614,22.7676536016953,22.8451643799461,23.088683187927,44.6467948856488
"308",3.80217151064467,44.7983590608759,1,43.7245866504737,46.1106769525497,44.7290575373874,44.796674242861,46.6983888246784,90.7924069528665
"309",1.55106964493363,4.71651247905419,0,4.16415419349179,4.19250496628307,4.42204709252164,3.54095940293699,6.27534633861024,9.58692418717538
"310",3.45680017730904,31.7153305425305,0,32.3057919436675,32.0695800516718,33.1293608778332,33.4599593053729,30.6097866456972,61.5448910645927
"311",4.47589089246884,87.872850809235,1,87.3455753985101,87.8011763215525,88.9728485390328,88.5911253157899,88.0500494848733,174.573227379641
"312",3.14011813990942,23.1065965086973,0,24.4484426724612,22.9734522024123,24.5110077505011,25.9687392562613,25.1385098402643,49.6759820785109
"313",2.35775342389971,10.5671847808356,0,10.8110294093222,10.4791073964663,11.1903170588412,11.2851709275867,11.9762460413104,21.7776441882803
"314",2.07258441030644,7.94533060085273,0,8.14121139024705,8.86311953216337,8.21927349758055,7.61605873016592,8.89512374015799,15.2306082578845
"315",2.94919802273395,19.0906373302177,0,19.0751176015915,19.1220765945875,19.5902831231003,18.9601577957336,19.3003466334016,39.1729587245634
"316",4.51202263805575,91.1059065497245,1,90.8083292215727,92.4648371318523,91.3692480332385,90.5585784006923,92.329063335912,184.564327840675
"317",2.31555608971936,10.1305548500722,0,9.96287570301073,10.2440496951714,8.93043657261376,8.84879454922369,11.2176078127587,22.5182951879157
"318",2.82886585937645,16.9262531831772,0,18.0827317631137,17.1005597295173,19.078035125197,14.7557416034315,16.7327620273623,33.9562339042577
"319",1.169809654987,3.22137940666249,0,1.88261539744518,3.16789900197764,2.07590980532949,3.2219426222414,2.42587929429367,5.6534562929958
"320",3.69906391674732,40.4094600313244,1,41.4962288065826,39.9847019972812,41.3617657257551,41.953461640246,40.1197026750657,80.9355151353609
"321",4.84965206799381,127.695952606936,1,127.345268410236,127.903864159036,126.460028574898,128.084546699009,126.259902261233,251.621817963875
"322",5.11713569892612,166.856756515438,1,167.591479759989,167.849679433227,165.962910159384,166.541928569233,167.734112764438,336.509397600402
"323",4.15216365133744,63.5713979444071,1,63.5129834606233,64.3852558328584,62.8624869609358,64.3622312858988,63.4661831400075,126.517977475219
"324",0.355719334122283,1.42720692376172,0,0.0813940195089695,2.42321250759523,0.229549856138413,1.61579251432446,-0.907476919844,2.74368121514478
"325",3.6816926621958,39.7135588526248,0,40.0604641219027,41.4463031235445,39.6434685102988,40.2979007852277,38.6164936522331,80.6330769444715
"326",3.64507315646979,38.2855735865184,0,37.6471689395342,38.6426156209501,37.4363441567106,38.8005659747843,38.6717670207753,78.1072443164563
"327",2.50021652283281,12.1851320343978,0,13.3095243889165,12.34085836898,12.3419953930283,12.0148976880393,13.2060511835242,28.0197281402078
"328",3.24110852205645,25.5620421350789,1,24.734309104264,27.1148307913413,27.5794572439107,26.6032442505213,25.937210332786,52.0709871868506
"329",1.77806863529576,5.91841475577152,0,4.13063461825606,5.85434513792599,6.65600737583976,6.23956714065201,4.77751978860017,9.32531310011961
"330",3.96057737259412,52.4876221167095,0,51.6336121141452,51.4794033585458,50.7960328927477,50.9300295768874,51.7359236576022,101.633953880331
"331",2.53740930881158,12.6468643732083,0,12.074841650852,11.7539688495513,13.1245809652078,13.2732721677853,15.7113882659064,28.2081237130472
"332",0.780982693291411,2.18361703731274,0,1.35768635860359,1.5291024160926,2.25829955069264,4.15726711946517,3.62042168278784,4.35260849592985
"333",2.48034615711946,11.9453986870547,0,11.7078145930083,10.5116158585335,13.8878300274372,12.248881948602,12.267954101436,24.7466681003493
"334",4.92960238166615,138.324501046299,1,137.729174550192,139.742685399498,138.829648429368,140.314064302103,138.217016161141,277.014147075298
"335",2.5272547603486,12.5190910143506,0,12.108348819591,11.9252053490573,12.2606294371984,12.9994170630725,12.4675581774015,24.231500404299
"336",4.03626504752157,56.6144949826139,1,56.9424864210225,57.7334667806561,55.3520234389908,57.1596531575741,57.4042690719326,115.750889027593
"337",4.33867425031533,76.6059117234802,1,75.4422651117905,78.9899932867713,76.6527013616005,76.3732700410966,76.3880061810648,152.948906544403
"338",3.00622070731523,20.2108726037705,0,20.9710502687929,19.8075861096157,21.4008433691463,18.1547479190518,19.666370225386,42.689819780843
"339",2.50174101716485,12.2037223659465,0,12.2011665298961,12.5738309243902,11.309691201324,11.0563616272261,11.929142040325,24.0113078659571
"340",2.25089742705528,9.49625420892869,0,9.45802643801369,8.92096119519428,8.73096290272611,9.31620253448697,9.52387810954763,18.8118651276641
"341",4.04593711339289,57.1647307762904,1,55.1284933563104,60.0839595834399,58.1492558091825,56.0644161035801,58.1344079937972,115.05142566958
"342",1.49604410001797,4.46399497773033,0,4.16276589829377,3.38508018820845,5.38076682209735,2.89508131948935,2.26458848372539,6.35279218687791
"343",3.3481947141325,28.4513244796158,1,27.8956783751844,29.6298158088963,28.1617798245511,28.402981268359,30.3994182773909,60.0823399011473
"344",2.59058606950633,13.3375860655441,0,14.1848814812594,14.2071888387232,12.8500753571249,12.7396959432996,13.5174392842673,26.2013274888898
"345",-0.203037245219722,0.81624783952932,0,2.20706835057191,1.74741414932783,0.544415210622122,3.23358712135592,1.23130460280306,3.19384350233145
"346",1.00758457766577,2.73897723184167,0,3.97022344709149,3.7636584594407,3.84519477159708,2.84855787250171,3.38581773527787,7.85841034695863
"347",4.29544695817436,73.3649982036526,1,72.2516607415005,73.9779732597576,73.4236214528001,73.8149502139611,72.7109982192016,144.808934374383
"348",2.72949071395663,15.3250801826687,0,14.5290262900052,15.933270264147,15.5837363970972,15.8158541124324,14.2051307163602,30.551918549293
"349",4.13601401868288,62.5529888211161,0,62.4634689439694,61.6600971108764,64.1843944041883,62.6032083576658,61.5482435643764,123.349862834621
"350",5.66929198464391,289.829258165523,1,288.769601277662,290.281293771841,290.698626762043,290.483947453521,290.396026706859,580.957950127695
"351",5.08438275565102,161.480235707083,1,159.875923513103,161.105523400061,162.697280124241,162.012018390366,162.114363776571,323.096166487986
"352",3.95780228719702,52.3421664024069,1,53.1335170684321,55.1823515474448,54.0625637045522,53.1128850115552,51.132130443861,103.964192701916
"353",3.53734838453841,34.375647237557,0,34.443803765616,35.108040690792,34.0628698112503,35.3687729033707,34.2827248210963,70.1682043784286
"354",2.72734185049985,15.292184035215,0,15.9065800349431,16.132702963461,15.1899993322492,16.3356941279567,13.8137749575851,29.4743073116984
"355",5.23147597631103,187.068708838003,1,185.865641085175,184.849056720654,187.235913309685,187.12653261963,187.45658950623,374.537334919203
"356",3.8432023637476,46.6747047498111,0,46.3342499144505,45.3472409677391,47.1313121829967,45.4114589252241,46.1640792794336,91.2005573797042
"357",1.3403115737314,3.82023360439383,0,2.64898496997073,2.84357290624869,3.31865885197191,1.16660728912433,3.01742917962929,7.1910136356127
"358",2.77988821627598,16.1172192045432,0,15.287804436908,15.5301433325136,16.3441591786163,15.6677841460212,16.3935199293854,30.7157045384658
"359",0.286251707203473,1.331427542982,0,1.56063958478704,0.763414727706058,0.622794420928451,-0.185977833185393,2.46828612880464,4.20243443629785
"360",2.72386229165702,15.2390664475077,0,14.424073529225,15.882707404234,15.5925538436865,14.9210052547342,13.5482383407683,30.1264221916745
"361",-0.666104948952659,0.513705595536623,0,-0.479739919076824,0.27639848798043,-0.433491940935736,0.271048306995333,0.0102379865522331,-0.497504080542923
"362",4.85827968583913,128.802430758288,1,127.496262299278,128.503852732581,128.570077754167,129.095171655677,130.724166092613,258.773370796079
"363",2.10120646846906,8.17602808467125,0,6.74180631316338,9.36559064390099,9.56758376483313,9.84794119198272,8.74207279168686,15.764506102626
"364",2.39191809478525,10.934447147555,0,10.0715992143184,8.82550594369698,10.5902238673474,12.6323628709491,13.553256501563,24.0323893032064
"365",2.76054771810017,15.8084991785936,0,17.5122983824078,15.7352171745981,15.1110771934349,16.7271728436413,14.4093183990581,31.8296279455647
"366",3.86580724478672,47.7417961976315,1,47.0861636011576,48.6051990669053,48.3272096389423,47.9741110432179,47.8958332718993,95.0742992702754
"367",3.95931787853091,52.4215558820105,0,51.3083872563845,53.4962633434614,49.4264528917311,52.8437648008347,51.508120047972,104.143942998611
"368",3.80320538224599,44.844698762618,0,43.4391933162496,44.638846132402,44.9466845053548,44.7968340002494,46.0357037345531,91.9369185031969
"369",2.19030248449127,8.93791628690532,0,8.78727260011768,8.50430245444726,9.14467548783533,7.34440370760544,10.2750136771981,18.8646480925872
"370",1.07201501590652,2.92125995866218,0,2.5272530462334,2.73903617425404,5.26568618701054,4.87038579695968,3.3816932546065,5.03760587051224
"371",2.45026373006123,11.591403317654,1,11.8434726374018,11.1603246446755,11.0305242340705,12.7780678735979,13.2689309130978,25.7203143856498
"372",3.39302993528671,29.7559744978577,0,29.4732680601258,29.3313648874258,28.9537531242638,30.9301246456525,30.7228864682815,60.3184201832677
"373",1.83598751493958,6.27132411484344,0,7.13899172737762,4.91750443841264,8.55675694308929,5.76548494655846,4.82867616434542,9.83962360894991
"374",2.90264421681412,18.222265341994,0,18.9423564632817,18.0256703930118,18.5895086948335,18.8005236069018,17.9581137573029,36.4564061895343
"375",1.34867610211512,3.85232207217019,0,4.90839167357872,4.08643820897754,3.84645611497942,4.3445148063747,4.87584126782186,7.8531495633477
"376",2.98824927940634,19.8508986749642,0,20.0944007353426,19.2936923809451,20.3629758863927,18.2835941038005,17.5493566962306,36.5700539562294
"377",3.18222905652408,24.1004149098336,0,25.2147775719049,22.9870896348994,23.6530306853009,23.9323952120181,24.4226191506098,47.774188752621
"378",2.79370070781075,16.3413827228122,0,16.2648300090873,14.710747296952,15.1303502805197,16.7189889004574,15.903428652144,31.3569370586791
"379",2.7681949019623,15.9298530948601,0,16.8627781488105,15.5420292133994,16.7008069156652,16.3329500315693,15.5066406467,28.736747552916
"380",5.49403916028867,243.237701401803,1,243.079719663134,244.960333418438,243.326710271189,242.610202037835,242.128908779176,486.84356564728
"381",4.07846018834478,59.0544670476228,0,58.3729575328202,58.495966747462,58.9555494539469,60.9371258459308,59.4234862379548,118.588160066899
"382",4.57180090801225,96.7181334869868,1,95.4980323955616,96.0814726408995,95.4024087267903,98.5736818046702,96.9902478044753,191.646033533533
"383",1.69438820643091,5.44331476134665,0,4.73440176972228,8.22470189520251,4.64769816865287,6.13961543283995,6.03321478242196,12.4562845184439
"384",3.23241445677014,25.3407673543854,0,24.592087756544,23.3835114779919,25.8231481117967,24.6985640530551,25.712754988261,49.4421989035415
"385",4.63316944176301,102.839491906385,1,103.415569432532,102.982019802744,101.887861694276,101.901896920019,103.285466404802,205.235497194723
"386",2.92006663486999,18.5425229971907,1,18.4904235332597,19.2070217961143,19.0420595918357,17.243112641253,19.0693714368153,37.8149835206181
"387",-0.0113707079170093,0.988693694251718,0,0.358356520656241,0.510066201766801,2.23084716517001,0.334098066187952,0.340626136202558,2.44403338180076
"388",3.48768555368794,32.7101541343855,1,31.8118180688747,33.8938437175075,33.6574339628931,30.8719263224051,33.7319912027582,65.3068180838208
"389",0.305986173136461,1.35796353004166,0,2.87064940555894,2.16340082136407,0.0292147276418573,1.85551722220291,2.45219381572215,5.71501827352587
"390",1.85283216803684,6.37785713088577,0,6.14110783813116,6.43117488878611,6.50481391855567,4.91437587781251,6.45516311339697,13.2313916496513
"391",4.87242486782248,130.637311346765,1,129.388507925169,129.469964931516,130.647226729241,129.439145176179,130.362673138363,257.795202179947
"392",3.87064198178048,47.9731741008126,0,47.5431647644271,48.2965242566801,48.8781360191262,48.6542771311613,48.0484455450673,94.5594547386169
"393",4.54385304253978,94.0524911158478,1,94.1457905523155,93.7317080934136,94.435707603478,94.4601105990537,95.0230102456175,189.879604703006
"394",3.4336047534421,30.9881462845431,0,31.8211873732536,30.102196020442,29.679716242325,32.126463697456,30.4668227613581,60.6790337027718
"395",2.84421198408251,17.1880089063041,0,17.1030764281853,17.3392870781422,16.8496495245718,17.6897318951039,18.0213402146662,34.004082599306
"396",1.69282434036871,5.43480879895201,0,5.54666183796426,6.01417227099745,6.56199726672839,5.36776608918382,6.14005627389241,13.534921732817
"397",5.25272023420032,191.085359043408,1,190.045923100559,191.006192217232,192.020088967071,191.525412586887,189.030853943048,379.167537299034
"398",3.06365459831449,21.4056434165199,1,22.2020662300408,22.254411051825,23.2362393259599,19.8836822957162,20.7213939757128,43.2130523631085
"399",1.9886557169373,7.30570622115679,0,7.40560959731474,4.79467273402442,6.32497356133715,7.41532788016334,6.04246847291328,11.9400879906022
"400",4.22361024209846,68.2795455415919,0,69.0165052947827,69.0180226559693,67.6088005213299,68.4685900902086,69.4358233858977,139.510776274319
"401",4.51948897516575,91.7886796961466,0,93.3355610305629,91.2176854108344,91.4143507731127,92.5697208951679,90.7404940348688,183.279014590587
"402",5.68086069124894,293.201677471324,1,293.380598443187,293.488216487686,294.197031299463,293.155168160118,292.776128659734,586.318235188007
"403",2.14723303516727,8.56113722885249,0,8.27859063720925,9.7087570847399,8.66328073767382,8.65690315943391,8.3262641007095,18.1508595627098
"404",2.44722942683812,11.5562847922789,0,10.7889860137038,11.695843494352,13.0392285200123,10.221026926523,12.7465738802864,24.8502631087213
"405",2.41137315805152,11.149260335156,0,10.5728560949129,11.2381869439548,11.709309018011,11.6980462419199,11.6899740578709,22.9258048289926
"406",2.46874017784128,11.807562049203,0,10.8927062092023,9.17740273220986,11.9500130081291,9.90231852477915,11.7182975406193,22.8433144454905
"407",2.48150554420205,11.959256059466,0,12.3291670207534,10.7420352273441,13.7889277926189,12.1635304276336,11.2470868078196,23.3814764589984
"408",2.58184893630248,13.2215613990398,0,11.7538770357381,13.97071397789,13.7399591995533,13.629600384957,13.7257725510276,27.0851106748425
"409",5.039041978611,154.322100311579,1,152.576738333171,152.906167387467,155.013974573502,155.748851350212,154.21545724636,306.498840305401
"410",2.01353188730201,7.48972354750091,0,6.82234174357945,7.37734088566324,7.51773358333087,8.41499431967218,4.90603035166036,12.9233369586741
"411",2.45104824865347,11.600500557077,0,12.684779563559,11.9045325631199,11.4354554064071,12.6248247740314,12.5527001033847,24.4370178553764
"412",3.92282590060378,50.5430728568661,0,50.6659044982983,50.1890600519181,49.8220378056646,48.7449307368611,51.0177354690507,100.619114904126
"413",4.59066844847355,98.5602906231509,0,98.0660412283978,97.7090481336215,97.2784604004428,100.162612501511,98.1174988513311,196.050876969673
"414",1.90807043070878,6.74007080935992,0,7.40965899327442,5.27889773419055,6.51722198853463,6.30463745479401,6.89683091191142,13.2660715566095
"415",2.28145758228241,9.79094111622651,1,9.43946226289158,10.0551929624404,9.81825989593637,12.4380611542379,9.04221092355823,17.8944998156187
"416",3.7405113406201,42.1195220819957,0,42.0045416811147,40.2121641379785,43.9471499154448,41.4457727504071,44.1488167146772,84.608177885539
"417",4.43932183033254,84.717469370013,1,84.7904563118144,83.7922381037824,85.8958812843861,83.5386559016599,84.8318039108517,168.568437880454
"418",2.64479963313813,14.0806235101131,0,15.1693981226661,13.9690522171683,13.724312365188,14.7941741151988,15.4688077913345,28.9864861101838
"419",0.97768387259837,2.65829216296871,0,3.95086090143445,1.69305773753603,3.59208679286815,2.64619109839849,4.01477625219225,6.73340515865552
"420",5.41706214333417,225.216495843985,1,226.499007138084,225.053596920131,224.131156631869,226.476365495978,224.504114168326,448.845973496601
"421",5.02949485211206,152.855778416264,1,153.834834534558,153.715962471208,152.975584852543,152.378801617661,152.16564942298,304.560429406089
"422",1.99538349122058,7.35502307390082,1,7.68449285732991,7.37312184887813,7.82678357364791,6.41230202719068,7.6292685482188,13.6586833723243
"423",2.90798055486556,18.3197654252525,0,20.199401142986,18.457027881089,16.6223770632884,19.0804409736945,17.9389787948476,37.2892121669516
"424",0.511735451874062,1.66818373687869,0,3.71108276793005,3.26706980812667,2.86088951767289,1.41823231336542,2.78401251174728,6.37305252159122
"425",3.80570995354208,44.9571562780672,1,46.2857326506874,44.8458554293868,44.2693561555347,46.0360194688941,45.1295064650681,90.5801798753827
"426",5.2802027092658,196.40968537985,1,196.190016736114,196.695141253417,194.599228908179,197.052529613032,196.92224989531,392.963290082488
"427",0.684535503453513,1.98285059434377,0,0.942803162792472,-0.00105930172294522,0.740152043454598,1.7552559404635,0.215647154145783,3.03114249241913
"428",1.89752363583106,6.66935821615456,0,6.86230799886369,6.70009843426193,4.6986030095994,6.84530774052779,5.99913478488165,11.8031211598497
"429",2.09323888440916,8.11114372268555,0,7.55590747080631,7.35113883642336,7.69910705728095,8.47976353196162,8.38809667019022,16.738851594489
"430",2.03673474545359,7.66553835584496,0,7.94052924569632,6.4415251383292,8.49134241705377,6.49658891407888,8.09750613190516,15.1967910311158
"431",0.124499934499239,1.13258194627526,0,0.582068541189314,2.13494859880664,0.571023171909013,0.553149411425238,0.171690391337941,1.21368758849219
"432",3.70846945974309,40.7913259581625,1,41.712585851256,40.7697845353037,39.5645086743136,41.0886657192305,40.8187565240109,80.657046978123
"433",0.833710295642566,2.3018434355837,0,4.49129942795614,3.24716477486793,1.96825947083517,4.15429175751029,1.93224168125745,5.64687986031064
"434",2.96464799950537,19.3878774977402,0,20.3518722878227,18.479386281543,19.394052012796,20.1945911552374,20.1957199360371,40.2531405109473
"435",3.83860703475399,46.4607111877923,1,47.2025296640649,44.0585089609155,46.7072706689875,46.9488986457808,46.7582439257659,90.9826442859266
"436",2.71970934693617,15.1759106789321,1,15.2132672438916,15.3388487264589,15.6234785923818,16.1024120224891,15.1989663734369,29.5862608485332
"437",4.26149036638668,70.9155949538243,1,73.096428640059,71.8588038844588,70.6705770162786,71.3739048489653,72.0175094152199,144.614773111768
"438",2.96363339795016,19.3682165028034,0,19.288631299296,21.9128213630345,19.2917831082539,18.7162731443621,19.2061630091129,40.7323254688193
"439",2.08406980696908,8.03711193801385,0,9.41340696683747,8.92430287150721,9.16016144711273,9.25291640282871,8.12365665961629,16.6121846562786
"440",3.91409025090953,50.103469185324,0,51.6787858621147,51.1639059518099,51.6842195456393,49.0169608234662,50.1204670872571,101.41239788401
"441",2.38646785524868,10.8750139012378,0,11.0353908796458,10.259266012237,10.0471525740516,9.89991018927861,11.0251863307413,21.7979299961339
"442",5.50685077861084,246.374017738822,1,243.120797665919,246.726872620239,246.865229390953,246.687044051547,246.85693227163,491.569726144796
"443",2.97417686882826,19.5735050546609,0,19.2435745673472,19.0981769263525,19.5920820316805,21.2650380460734,20.4561134490483,40.4983659717424
"444",4.206062530145,67.091846917196,1,67.5489367428586,67.5139032870097,68.4127951026509,66.5194593924867,67.4077717461148,136.497872222542
"445",3.29014416026354,26.8467336091374,0,25.542629851703,25.663174454916,27.7769643454467,27.897996711847,27.0749719839189,52.8960623942425
"446",-1.25402312487073,0.285354467796648,0,-1.00581897104857,-0.0983951156954462,1.36157061222147,0.104099690429002,0.176970080683745,0.0310177787364451
"447",1.06802597899485,2.90963015613579,0,3.81600988780452,1.44996435044295,2.6093595427028,3.39527719196469,4.01469115266707,6.38947091953023
"448",2.40022883187012,11.0256991233385,1,8.22973762812723,11.0714723478034,12.070439748393,9.58976630353585,11.6144182202709,22.1503073071681
"449",3.33489095288861,28.0753215241557,0,28.308882095476,28.5277776379868,28.7844626345611,27.0133804669058,27.758938799947,56.7357972961227
"450",-0.313110809696658,0.731168887477155,0,0.462132948827995,0.788734757853614,-0.538238576029984,2.62377552847155,1.09752551975565,1.90474379469166
"451",4.36004442181555,78.2606108242884,1,77.6020657692713,77.6219169711398,77.3285250898495,78.2851015207573,77.4995212660077,156.559648790687
"452",2.14521292973574,8.54386028553529,0,8.60720607860586,8.30517896722983,9.91746748083517,8.61171401020195,8.1562339760868,16.9856294084101
"453",1.93527074072241,6.92591892985881,0,6.9803957689238,5.28301630828997,6.46486608474103,4.35350240810562,4.5751159234648,10.3117710742473
"454",0.800032988039118,2.22561434593462,0,2.47262366937126,2.003039774978,3.54131046780529,3.44591189428479,1.46031449146596,3.22061681352577
"455",0.943883757469589,2.56994309713548,0,2.69397864504124,0.794374646401605,3.2288778095624,2.43624414644691,3.03211061471305,4.61329324125846
"456",3.07966524654152,21.75111991473,0,21.2158632151224,21.7356540119451,20.6801290574849,22.2057429794747,23.9250223858566,45.2117705747738
"457",3.72035712317615,41.279133211778,1,41.537615803164,43.0301800862369,40.7401467836166,41.640813606466,39.2424163085616,81.7076769510499
"458",0.033145466001633,1.03370089664141,0,2.42140976459897,1.7379074021914,-0.263687249693111,1.4251176855767,1.19233846273045,4.09816579776357
"459",1.57961766713086,4.85309995685226,0,5.52027040315195,6.33411928106942,5.04333344226363,4.45107192878207,4.09648517590518,10.4180957061913
"460",3.75769563594561,42.8495711122893,0,44.3466205643699,44.2024590244485,39.3099851510944,44.734568739143,42.6389391185215,87.6520638536706
"461",2.35930881063012,10.5836336286653,0,10.3087532252216,10.2536757929976,11.7950312298815,10.7194228374558,11.3398987074053,21.3499829951368
"462",6.06229350280548,429.359044647975,1,429.942120491345,429.722543388488,429.649928468087,429.189905538538,428.359310166755,858.130051033592
"463",4.76175183988153,116.950625315936,0,117.453983842218,115.122962582822,117.765396193317,118.572450750264,116.006880791043,233.144789371244
"464",3.84216139614774,46.6261431743319,1,45.8828954923567,47.5199209183845,46.4038025618082,46.2531278221618,46.5940121052548,92.0871911482836
"465",3.00690765478163,20.2247611813149,0,19.4078835958611,19.5056362470565,21.6595920245706,18.8782971543311,18.7102586832084,39.2247206477661
"466",3.3950758067777,29.8169137134159,0,31.6871973944779,30.7574232332424,30.0065228380385,27.7282329742564,28.1978791936518,61.7945335313371
"467",2.00169798388428,7.40161325501401,0,6.57436021096774,5.53045566407011,6.42002581484136,7.29999491257561,7.01339950723821,12.6655600203612
"468",3.88815037511508,48.8205033441309,0,49.7712160377152,49.9675060613114,48.742202169837,48.2261073433285,48.4419003670125,99.3028772886675
"469",5.09333865756719,162.932932253535,1,162.666759902474,162.429941158664,163.83367401311,162.717039178411,161.337883589289,324.849711922292
"470",4.53220127272044,92.962972872717,1,91.8638906910204,94.388871241049,91.5168680870612,93.0382328711801,91.8540362126979,185.080110113326
"471",1.84989894270362,6.35917684890937,0,4.82495930583576,6.33983689333852,6.28769975358774,8.52610223920717,6.41467752568715,11.3441734501808
"472",0.710562404016177,2.03513550523376,0,0.828825645599843,1.39706177881406,1.23899189610463,2.68054047063528,0.662516567052266,0.413455650971239
"473",2.84492342259222,17.2002414685874,0,15.250216195728,17.6985124689794,15.6548019854512,17.0029088178544,18.5715571882248,35.4989417722895
"474",3.62351172785693,37.4689176966048,0,36.5848776669729,37.4106709614141,39.5651179321476,38.742595278528,35.4098826496473,72.4184646657308
"475",4.91059400892972,135.720009366539,0,136.69341535174,135.093792588763,135.887355465419,135.412670141342,134.728483876904,269.598591123982
"476",1.13520458349884,3.11181010278663,0,2.53083878695116,2.21718934202532,3.62590875833293,3.63383162964909,3.36374399699224,4.12183809049386
"477",3.51531763278525,33.6266071406828,0,35.3633745221949,36.0366673556277,33.7520018620118,34.7892399917609,32.5626620447817,67.4012458631142
"478",3.33021863359406,27.9444506310793,0,27.7717753129261,26.9948033805072,26.3632028404721,27.8516017505414,27.7275483761234,55.9766346866925
"479",4.68850772333926,108.690861889485,1,107.752869357736,109.250013390055,108.763902649705,106.788913707362,107.852612916318,215.344897072379
"480",2.9605293388889,19.3081896265494,0,19.0235959667564,19.0967749368699,20.6558865629063,18.814923424946,19.9669632563593,38.8914006315813
"481",2.49470311413971,12.1181352814649,0,11.5291171797979,11.1002804796574,13.4935348409219,13.9818276685756,12.5701428288229,24.4591786691919
"482",1.37815989518022,3.96759411720622,0,3.52366269117731,2.57740312797896,3.45051278771227,3.75478512131169,4.76755790982328,5.42026175081955
"483",2.26825693465225,9.66254368173654,0,9.72254025520577,8.17391437260174,11.1783707905608,10.7992037029695,10.0272723702121,19.2572874874013
"484",2.4878796495621,12.0357290822493,0,12.1179620311145,10.6296844487237,13.5348548111123,12.4784685328963,14.1216752559538,25.5368151291361
"485",6.3241858066257,557.90338745312,1,558.661784976807,556.407151970906,558.717964423038,557.973291933391,557.831902597558,1113.51574786075
"486",6.45991785228619,639.008561320981,1,639.548224311884,639.694707245083,640.67420986172,636.382678183605,639.210899536724,1278.03788814039
"487",2.76424596126126,15.8670710924005,0,16.643718738933,15.6303094617197,16.8820397907015,16.5834849263464,14.3373024587064,29.9790302991455
"488",1.52403135307148,4.59069465266476,0,4.7228663173392,6.58983708187272,5.11785079880291,3.98608293050385,4.25260650712709,9.22307733536906
"489",0.209848658551929,1.23349136746021,0,0.42662606766947,1.86673005035577,-0.711444636884446,0.862906869786166,2.18762772926847,2.78154982905688
"490",3.72785560417677,41.5898274194072,1,42.0391775051937,43.238024966315,42.2781376769029,41.0561590572173,41.6716699421303,84.2077271691149
"491",1.45769604711633,4.29605022014591,0,4.70869167697906,4.79876886353559,4.37238163804245,6.10823675495578,6.00406823700601,11.5826770034188
"492",6.23099620358701,508.261563367213,1,507.857949318101,509.107030779569,507.424063747856,507.065254297266,510.267616405416,1018.62214398915
"493",1.74754761767117,5.74050748056204,0,5.35241920308462,6.20775487629127,5.59032041916161,3.04873977531158,4.95258613342536,10.1444026694408
"494",3.15712821981325,23.5030034604988,1,24.5981912083391,23.1009483968022,22.5067899278733,24.0495168161307,21.4927542731214,46.010512562884
"495",8.38854495825496,4396.4160691361,1,4397.75654917915,4397.33959583935,4397.63266926949,4397.18499554519,4397.55244298194,8796.10566381431
"496",1.43176444145753,4.18607877051869,0,4.30048431719434,4.17802312980691,4.01424348102897,3.99932097126762,6.05115588203945,10.1482057825571
"497",3.43496489159013,31.0303231211014,0,30.6380585008198,32.0641073587156,29.6963631405324,30.8009633656826,32.0549406240777,64.2703094783223
"498",1.43461482526337,4.19802772311649,0,5.85038556631403,3.39890074138979,4.33958844297574,5.82821335777467,3.98564148395828,8.58838004419706
"499",3.49165650517251,32.8403028055152,0,31.5966051967406,33.8445358264685,31.5488917494672,30.6756313645486,33.0513390902675,65.5071787253056
"500",1.76501745097582,5.84167430011347,0,4.92974842933391,5.52970094392078,4.50918710581522,4.76389826264928,6.28774990119994,10.6041615577843
